{"train_loss": [0.2000452765417099, 0.07905713260293007, 0.06252073402404786, 0.054937665539681914, 0.04709887072265148], "train_acc": [0.93866, 0.97656, 0.981, 0.98378, 0.98602], "val_loss": [0.09200263378620148, 0.05498047125339508, 0.054379168277978895, 0.0417732422657311, 0.03551628482937813], "val_acc": [0.9708, 0.9831, 0.9828, 0.9872, 0.9886]}